,region_name,year,log_gdp_std,N_est_log_std
0,Arabic world,730,0.9616415079104478,0.5447553416815205
1,Arabic world,1000,0.9396512777678744,0.4463810315786084
2,Arabic world,1120,0.9402062191233647,0.5619861837535711
3,Arabic world,1280,0.9411397403089526,0.7061507673843306
4,Arabic world,1300,0.9284283637714332,0.6259634466081075
5,Arabic world,1400,0.9527562506996401,0.6260076909113802
6,Arabic world,1500,0.9431465969118429,0.62533562972273
7,Arabic world,1820,0.907514578920051,0.8161090568076996
8,Arabic world,1870,0.9441086505063454,1.0438497505480364
9,Chinese world,1000,0.9596615215463246,0.284038558382961
10,Chinese world,1090,0.95928689640724,0.2840673222386747
11,Chinese world,1120,0.954708355735214,0.449608949798226
12,Chinese world,1400,0.9780796370497608,0.7484583656646259
13,Chinese world,1410,0.9790138291910665,0.5921468782742624
14,Chinese world,1420,0.9788228049274738,0.4915782178201764
15,Chinese world,1430,0.9868020640821591,0.6784671072872867
16,Chinese world,1440,0.9831493750968238,0.6622643757950556
17,Chinese world,1450,0.9752764861439523,0.38954432720800686
18,Chinese world,1460,0.9701382607267318,0.6810714306597045
19,Chinese world,1470,0.9718600826066842,0.6133064584896343
20,Chinese world,1480,0.9615097523641906,0.6385835507710323
21,Chinese world,1490,0.9556241575910043,0.525130637278093
22,Chinese world,1500,0.9576830351439959,0.6906150393530474
23,Chinese world,1510,0.9649429071495164,0.6130507254958819
24,Chinese world,1520,0.9529879393740476,0.7906983688772686
25,Chinese world,1530,0.9553969544738808,0.7931638640201837
26,Chinese world,1540,0.9560774195441668,0.7643718121908175
27,Chinese world,1550,0.9563034809365483,0.7914465652538766
28,Chinese world,1560,0.9568669832988272,0.6873723519532545
29,Chinese world,1570,0.9610571763802553,0.7458408124966301
30,Chinese world,1580,0.9587654809149989,0.7242132070197613
31,Chinese world,1590,0.9587654809149989,0.6217204393444223
32,Chinese world,1600,0.9588171478658183,0.7304460836302981
33,Chinese world,1610,0.9657877212990855,0.7449210434078998
34,Chinese world,1620,0.9636656867049656,0.8965280658050219
35,Chinese world,1660,0.9707484740633663,1.0737830430415967
36,Chinese world,1680,0.9655770130288105,0.9790100575646273
37,Chinese world,1690,0.9789183508569134,0.8605785579486361
38,Chinese world,1700,0.9907644237367531,0.9600450976374306
39,Chinese world,1710,0.9782481044719623,0.8657344261966416
40,Chinese world,1720,0.9614010462610948,0.7394766849505766
41,Chinese world,1730,0.9606376419323204,0.8671826728277123
42,Chinese world,1740,0.9520587885804237,0.8533857493302811
43,Chinese world,1750,0.9402840646159727,0.7775058329942358
44,Chinese world,1760,0.9351980185463598,0.8876167203209306
45,Chinese world,1770,0.9315167964799446,0.921823296963642
46,Chinese world,1780,0.929672230822613,0.9334004371886429
47,Chinese world,1790,0.9260470912674462,0.9175941651328453
48,Chinese world,1800,0.9219231003558983,1.014989503679559
49,Chinese world,1810,0.9181916786650451,0.8731761387983316
50,Chinese world,1820,0.9153823802588437,0.8940556715291877
51,Chinese world,1830,0.909691188810332,0.977046318280868
52,Chinese world,1840,0.9101689189364206,0.9507740919188116
53,Chinese world,1850,0.9115920458635565,0.9464963716427226
54,Chinese world,1870,0.924647835140028,0.9553919248230147
55,France,1280,0.9704011849860398,1.007177190650941
56,France,1290,0.9604466097721751,0.6795930675316587
57,France,1300,0.9714081915615642,0.8699341765831597
58,France,1310,0.9774390120111687,0.4790256389695289
59,France,1320,0.9599432788186949,0.7574206667511472
60,France,1330,0.9777413617511382,0.5689944886866332
61,France,1340,0.988513128791613,1.0060480925194426
62,France,1350,0.9767057634367489,0.5410268577436544
63,France,1360,1.0020780500252606,0.7211749963079427
64,France,1370,1.0052669218532504,0.4670848586298005
65,France,1380,1.0039719934277613,1.0076492932614274
66,France,1390,0.9947758868095065,0.4717598248510013
67,France,1400,0.9962943756370403,0.9461623919187919
68,France,1410,0.9963126207558802,0.7952847268883407
69,France,1420,0.9959991997464364,0.9303969717651016
70,France,1430,0.9907578570870149,0.8616720969207957
71,France,1440,0.9832547564766143,1.0871301140368659
72,France,1450,0.9992918378638623,0.7237013356966522
73,France,1460,0.9848738461757817,0.9253758906061186
74,France,1470,1.0018214126324754,0.6169147410198819
75,France,1480,0.9841304207404699,1.0425078609500855
76,France,1490,0.9842513752079938,0.8138374668443545
77,France,1500,0.9902332452434977,1.1140989692482288
78,France,1510,0.987853116504905,0.9483389365690826
79,France,1520,0.9765159952665411,1.1387943277275376
80,France,1530,0.9755716939627229,1.0414437239942274
81,France,1540,0.9876799443304849,1.319222614223643
82,France,1550,0.9792051794286363,1.0662742822436537
83,France,1560,0.969077234890316,1.2179543478296517
84,France,1570,0.9672495835879161,1.129655377139352
85,France,1580,0.9748537659369744,1.2376668150515937
86,France,1590,0.9664004223239936,1.103578571595641
87,France,1600,0.989521037349693,1.2508717916280578
88,France,1610,0.9948342457216681,1.1611365880959592
89,France,1620,0.9985037937278816,1.2748808593924312
90,France,1630,0.9848381685977111,1.2190789775816968
91,France,1640,0.9861253036548102,1.3538088249389768
92,France,1650,0.9972841761208785,1.23116204429763
93,France,1660,1.0155392177714324,1.2715359025782036
94,France,1670,1.0306703049665031,1.2474821529771747
95,France,1680,1.0142474221399571,1.3923535866738268
96,France,1690,1.0074881907283806,1.2826728973947292
97,France,1700,1.0071167461779746,1.3563331697850574
98,France,1710,1.002522703289027,1.3089371428888763
99,France,1720,1.0219483091389125,1.3590531170153035
100,France,1730,1.0190056221011468,1.3053434661565566
101,France,1740,1.0147943771073429,1.4057449147793715
102,France,1750,1.0101758437451402,1.3342644305578801
103,France,1760,1.0189871089731093,1.4028300061248282
104,France,1770,1.0050471095233104,1.4123566954309246
105,France,1780,1.0170655114129643,1.4847061829714154
106,France,1790,1.009626387279607,1.4455160992823635
107,France,1800,1.004493543158075,1.5122494019044828
108,France,1810,1.016810278885883,1.4557846921217081
109,France,1820,1.0096852365550208,1.518655634126633
110,France,1830,1.0237028479210657,1.5145602802264466
111,France,1840,1.0414370882676183,1.6110252698052492
112,France,1850,1.0573860605489445,1.6101422772946798
113,France,1860,1.0773171871117273,1.6544771370161382
114,France,1870,1.0862102323163818,1.6049436105852397
115,France,1880,1.099159041936616,1.6690708045498592
116,German world,1500,1.0066574235043586,1.2551637279527919
117,German world,1510,1.0105774066982915,1.0906852833841096
118,German world,1520,1.005735742356584,1.3652366742030408
119,German world,1530,1.0000591548052125,1.3240335921134552
120,German world,1540,0.9963330180245147,1.4332775614474198
121,German world,1550,0.9884037096399091,1.2604265260405745
122,German world,1560,0.9907027053410312,1.4211766425771917
123,German world,1570,0.9852449780020014,1.3446050561609337
124,German world,1580,0.9907470368649485,1.434866123128775
125,German world,1590,0.9836948042131021,1.3577085551061483
126,German world,1600,0.9853007646372798,1.4895955448316232
127,German world,1610,0.9863902353958788,1.3776334899999103
128,German world,1620,0.9882103612772611,1.4936324708858533
129,German world,1630,0.9851821513060399,1.4068851487554828
130,German world,1640,0.9879861030579207,1.4722076077832456
131,German world,1650,0.9942040725042609,1.4148188091082408
132,German world,1660,0.9988551793032904,1.500919967788916
133,German world,1670,1.003625876327475,1.477293439526483
134,German world,1680,0.9979849887456319,1.5557787512190542
135,German world,1690,0.9979060997257653,1.4871172213525066
136,German world,1700,0.9954145829571686,1.5566584745333638
137,German world,1710,0.9982975483632662,1.518390268479015
138,German world,1720,1.0040757396479734,1.58013705663351
139,German world,1730,1.0063288737415472,1.5500194628747335
140,German world,1740,1.0036926618128128,1.6052068597164482
141,German world,1750,1.0077873138210016,1.585963235799296
142,German world,1760,1.0060789730469453,1.6305585946762344
143,German world,1770,1.0049869661209236,1.6124250633533843
144,German world,1780,1.0105154526886737,1.6894387493177305
145,German world,1790,1.0108504490792076,1.674119365453347
146,German world,1800,1.010954573451212,1.714404907952501
147,German world,1810,1.013276951415391,1.6711295014294674
148,German world,1820,1.024324645597321,1.7262196594548267
149,German world,1830,1.031954502082734,1.7365704397607065
150,German world,1840,1.0362068088770005,1.8139879151022282
151,German world,1850,1.0403942579537344,1.7846934742245966
152,German world,1860,1.0612471907221148,1.8242692615286888
153,German world,1870,1.0808797755624988,1.8084060100665411
154,German world,1880,1.095945738282987,1.8739542536015898
155,Greek World,0,0.9441600196341061,0.35289958452188475
156,Greek World,730,0.9616415079104478,0.3848093210955787
157,Greek World,1280,0.9721307951246292,0.8414355682040141
158,Greek World,1300,0.9730280595486622,0.5022723895365324
159,Greek World,1310,0.9791445843320238,0.5062833077408346
160,Greek World,1320,0.9649553342874648,0.7619629081700922
161,Greek World,1330,0.9789852283853022,0.579639010480204
162,Greek World,1340,0.9902357272321005,0.6391970161262176
163,Greek World,1360,0.9946448751294251,0.7034877576665586
164,Greek World,1370,0.9930711702026791,0.5961281157979893
165,Greek World,1380,0.9910981628517953,0.6823901480597198
166,Greek World,1390,0.9857217520002274,0.7157892366440989
167,Greek World,1400,0.9868246499340684,0.43165040678386885
168,Greek World,1410,0.9844971527388731,0.43563726005385167
169,Greek World,1420,0.9845631417774259,0.7277391085909954
170,Greek World,1430,0.9814276944012359,0.4434190422588318
171,Greek World,1440,0.9746443649414491,0.6238865597580052
172,Greek World,1450,0.9936154221055385,0.2926322590431718
173,Greek World,1460,0.9785509188108944,0.812266368141876
174,Greek World,1480,0.976711116454831,0.6567679110136944
175,Greek World,1490,0.9761970487667332,0.6411568849233538
176,Greek World,1500,0.9831715129366978,0.5183308355685465
177,Greek World,1520,0.9766308045864399,0.5238900185528611
178,Greek World,1530,0.9738514175083907,0.6524281212562919
179,Greek World,1540,0.9847981852160093,0.6735176216339644
180,Greek World,1550,0.9844094111623052,0.8074812163672426
181,Greek World,1560,0.9748054531398486,0.5827851139185845
182,Greek World,1580,0.9759258824214297,0.8752966169828553
183,Greek World,1600,0.984680062278822,0.6646047881556738
184,Greek World,1620,0.9846561439183867,0.4892651369098463
185,Greek World,1630,0.9733324541336692,0.32914835016886596
186,Greek World,1640,0.9738054147938916,0.6057424920687111
187,Greek World,1650,0.9842213676662903,0.48964063127786583
188,Greek World,1660,0.9981911736777671,0.48938581454131125
189,Greek World,1690,0.9937864813547569,0.48769807699537365
190,Greek World,1700,0.9940080372009585,0.6692218325900942
191,Greek World,1720,1.0052022217654197,0.6236874919021045
192,Greek World,1730,1.004164828395523,0.5953578119553129
193,Greek World,1740,1.0019006283429301,0.32264683391574533
194,Greek World,1750,1.0003525343938733,0.6582691770621643
195,Greek World,1760,1.007542721714374,0.7758341065992964
196,Greek World,1770,0.99577243361881,0.4791826106997566
197,Greek World,1780,1.0059170034454485,0.31814620695925105
198,Greek World,1790,1.0014014869530554,0.699787661234426
199,Greek World,1800,1.0063526006826629,0.9083719086398568
200,Greek World,1810,1.0247642321606059,0.8256219708245235
201,Greek World,1820,1.0222050635320625,0.9194244693611459
202,Greek World,1830,1.0304380543866332,0.9438970772306895
203,Greek World,1840,1.038394945008578,1.04551059421409
204,Greek World,1850,1.047165213663715,1.13013708692441
205,Greek World,1860,1.057307702082069,1.123964578597838
206,Greek World,1870,1.0561735699747996,1.093272003863941
207,Greek World,1880,1.071464250658876,1.1949957497905228
208,Indian world,1600,0.9638793979447092,0.6352640468333072
209,Indian world,1650,0.9556241575910043,0.5717073472475435
210,Indian world,1700,0.9525241635922345,0.5227836559852866
211,Indian world,1750,0.9411397403089526,0.5998538489221465
212,Indian world,1800,0.9366428448193715,0.8650939617590855
213,Indian world,1810,0.9299470957235235,0.6885050764136881
214,Indian world,1820,0.9050000742798218,0.6553478495795636
215,Indian world,1830,0.9246264611003666,0.7245051755834814
216,Indian world,1840,0.9244835721302197,0.7969423850615281
217,Indian world,1850,0.9248799241426449,0.8384076402544038
218,Indian world,1860,0.9174406549144947,0.8405218737559546
219,Indian world,1870,0.9548647689640696,0.9529867846105834
220,Indian world,1880,0.9614970900313301,1.003535469754182
221,Italy,1450,1.0575318690371922,0.9942282898046836
222,Italy,1500,1.0585457532524762,1.269943222781265
223,Italy,1550,1.047011815083757,1.2860908517967244
224,Italy,1600,1.058208637457629,1.4998801823200787
225,Italy,1650,1.0502130422992073,1.3521935371590226
226,Italy,1700,1.0542121088032907,1.4707930387400996
227,Italy,1750,1.0551360909811913,1.4498113750416275
228,Italy,1800,1.0569085024799736,1.5235242969086153
229,Italy,1810,1.056541955781113,1.5026664458543681
230,Italy,1820,1.0570014171959994,1.5421155834744127
231,Italy,1830,1.0569463643457562,1.5168033300080976
232,Italy,1840,1.057058166936573,1.6244280275044936
233,Italy,1850,1.0581273540316014,1.6077456989972088
234,Italy,1860,1.061347382409939,1.6667667775495025
235,Italy,1870,1.0649051009136004,1.6194823387262252
236,Italy,1880,1.071816104816287,1.6696463628038083
237,Japan,730,0.8628340688965784,0.33670585562291483
238,Japan,1000,0.9335572246267368,0.5429727447331076
239,Japan,1120,0.9220266553761491,0.4305590672694919
240,Japan,1280,0.9089088456336588,0.6917644822885857
241,Japan,1450,0.9129302565884115,0.49299041692526935
242,Japan,1600,0.9402522684985688,0.6216283395781975
243,Japan,1700,0.9417700946529384,0.8536043953395296
244,Japan,1720,0.9418015352167839,0.773481082744804
245,Japan,1750,0.9257641590470569,0.7422847850559233
246,Japan,1800,0.9693982443263323,0.9651108532806159
247,Japan,1820,0.9694228403934126,0.9247876481698887
248,Japan,1850,0.9810866338497939,0.8850805044979889
249,Japan,1870,0.9951635208580955,1.083697881995885
250,Japan,1880,1.0061318497533884,1.142695580763447
251,Korea,1820,0.9014417496737632,0.25266110304222145
252,Korea,1870,0.9022316195858832,0.4039055336227967
253,Latin World,0,0.9503287936887608,0.37947884317089553
254,Low countries,1370,1.0206236786705334,0.44718398824124356
255,Low countries,1380,1.0284011282384065,0.651978433278225
256,Low countries,1390,1.0396532177591429,0.39750567531443026
257,Low countries,1400,1.0276319779343839,0.7065925122396806
258,Low countries,1410,1.025793938840026,0.2021636987095112
259,Low countries,1420,1.0202032218724677,0.7038040026172284
260,Low countries,1430,1.030631636241462,0.5357306406551638
261,Low countries,1440,1.0348828164501847,0.9658726324615232
262,Low countries,1450,1.0418307888290288,0.5065057926584623
263,Low countries,1460,1.0453021222259977,0.9035877471510503
264,Low countries,1470,1.0448122537400728,0.7179483761562078
265,Low countries,1480,1.042977701859391,1.0555141984692908
266,Low countries,1490,1.0418307888290288,0.9346589780235266
267,Low countries,1500,1.0472597794250638,0.9756478540341831
268,Low countries,1510,1.0564346883565017,0.8037882985154468
269,Low countries,1520,1.0745818432813674,0.9939256100486287
270,Low countries,1530,1.0816949140598333,0.997495573664096
271,Low countries,1540,1.0641724304900857,1.165550792532111
272,Low countries,1550,1.0634705962659112,0.9720151578629739
273,Low countries,1560,1.0962125776759875,1.0968677365651671
274,Low countries,1570,1.0717677869669435,1.033620640169783
275,Low countries,1580,1.0990733856508255,1.2037657557655925
276,Low countries,1590,1.113400352492273,1.1100183406540731
277,Low countries,1600,1.114020074233934,1.1781897414964257
278,Low countries,1610,1.1059492009646754,1.1486859290882323
279,Low countries,1620,1.11459027500169,1.2242703183131918
280,Low countries,1630,1.1107378735564974,1.1830705642544697
281,Low countries,1640,1.117531520709294,1.2343527834946053
282,Low countries,1650,1.1108916811782221,1.229857819617708
283,Low countries,1660,1.094010791950973,1.2546078435786117
284,Low countries,1670,1.0948638499261576,1.1699101960141347
285,Low countries,1680,1.0965528791198913,1.2462806240053808
286,Low countries,1690,1.111833907373631,1.1782519821490747
287,Low countries,1700,1.1077749747044918,1.168960362865169
288,Low countries,1710,1.1218101812824395,1.1028879237155476
289,Low countries,1720,1.1039958084165182,1.1940014212354377
290,Low countries,1730,1.1085730323611056,1.1901315718456857
291,Low countries,1740,1.1050819266894985,1.178577850036705
292,Low countries,1750,1.1188013403557349,1.1396227870364413
293,Low countries,1760,1.1213318070223568,1.2056245629412823
294,Low countries,1770,1.1349281879943727,1.17293363906568
295,Low countries,1780,1.1305968255553687,1.255489609301797
296,Low countries,1790,1.1241842706088903,1.201102185541416
297,Low countries,1800,1.129908420494452,1.2447016991480588
298,Low countries,1810,1.0920393214569533,1.2345689561095783
299,Low countries,1820,1.0776813126614737,1.2846647522136718
300,Low countries,1830,1.0919843675520733,1.3111811435468077
301,Low countries,1840,1.102987164718374,1.4153644686846412
302,Low countries,1850,1.0920907907133808,1.4344513931168645
303,Low countries,1860,1.1104764722365403,1.4739709315423146
304,Low countries,1870,1.128914962670272,1.4514148972370204
305,Low countries,1880,1.1435644677323575,1.5123018856371648
306,Nordic countries,1340,0.9804293713080903,0.5251488701081877
307,Nordic countries,1370,0.9995539255743691,0.3605887977817033
308,Nordic countries,1380,0.9899590401355091,0.3646173947689115
309,Nordic countries,1400,0.9902627311233998,0.42545900957162863
310,Nordic countries,1420,0.9816516528579927,0.38037120346080977
311,Nordic countries,1440,0.9649332765347696,0.5277038089227788
312,Nordic countries,1470,1.0052605172923545,0.3984545363099686
313,Nordic countries,1480,0.9866955490624507,0.7260479889539538
314,Nordic countries,1500,0.9968070837657153,0.4598498725599375
315,Nordic countries,1520,1.0221385419324405,0.6723672874231815
316,Nordic countries,1530,1.0016326168075518,0.8560255399168165
317,Nordic countries,1540,0.9831830306131318,0.9542041488801283
318,Nordic countries,1550,0.9955045858919326,0.708735466120361
319,Nordic countries,1560,0.9946838800911221,0.8521028089412309
320,Nordic countries,1570,0.9970721538547721,0.7372244610891019
321,Nordic countries,1580,0.9883978771651576,1.0393587838407528
322,Nordic countries,1590,0.9815353153284222,0.7846173546800097
323,Nordic countries,1600,0.9702577149055059,1.0532670395963208
324,Nordic countries,1610,0.9859283474528839,0.8851014609754345
325,Nordic countries,1620,0.992361786508423,1.1068651096447486
326,Nordic countries,1630,0.9871919014948837,0.9496419758905533
327,Nordic countries,1640,1.0035632839859299,1.0992189523333713
328,Nordic countries,1650,0.9967723323378875,0.9872017302683223
329,Nordic countries,1660,1.008268974822485,1.079297991804062
330,Nordic countries,1670,1.0079316830155838,1.0443861500221294
331,Nordic countries,1680,1.010238499935647,1.1907425436600743
332,Nordic countries,1690,1.014847307402203,1.047497684533433
333,Nordic countries,1700,1.011132684450527,1.1623690013824202
334,Nordic countries,1710,1.0202199006937291,1.073065125565683
335,Nordic countries,1720,1.0038451027464448,1.1708942996196186
336,Nordic countries,1730,1.0039709681982953,1.127136275212966
337,Nordic countries,1740,0.9933874973129407,1.265097708528873
338,Nordic countries,1750,0.9844555722461301,1.2606179813518916
339,Nordic countries,1760,0.9877162665259142,1.3129774504564458
340,Nordic countries,1770,0.9835191249711096,1.254678306690324
341,Nordic countries,1780,0.9904382403775094,1.3365368684118355
342,Nordic countries,1790,0.9914557618049951,1.3644173613050488
343,Nordic countries,1800,0.9797069997848852,1.3658027200726108
344,Nordic countries,1810,0.9715802363244852,1.3603612864587384
345,Nordic countries,1820,0.9903381845497164,1.3955439945868975
346,Nordic countries,1830,1.0007943005996616,1.3840366971438804
347,Nordic countries,1840,1.005216559285743,1.4669505115895853
348,Nordic countries,1850,1.0172364856884857,1.4802183889312375
349,Nordic countries,1860,1.0283580127646739,1.5231738607811995
350,Nordic countries,1870,1.0413116434940488,1.5233077570997546
351,Nordic countries,1880,1.0577001394233667,1.5910996352863276
352,Persian world,1820,0.9145480300545723,0.8750305353106375
353,Persian world,1870,0.9261883352569962,0.8903321240934182
354,Portugal,1530,0.9757808891850648,0.8250079435312606
355,Portugal,1540,0.964622610208835,1.0116895405141135
356,Portugal,1550,0.9787279552198297,0.6575218835770162
357,Portugal,1560,0.9753501132374743,1.0143209648163234
358,Portugal,1570,0.9877017921230794,0.5399785799948797
359,Portugal,1580,0.9633832542955361,1.0293143951665151
360,Portugal,1590,0.9680840956043314,0.9822716705973583
361,Portugal,1600,0.9632832053484979,1.0535979216996634
362,Portugal,1610,0.9737423465423134,0.9029973997839579
363,Portugal,1620,0.9777088871695867,0.7648206624269139
364,Portugal,1630,0.9650055528395132,0.8751250061719309
365,Portugal,1640,0.979783087404612,1.0674928696268928
366,Portugal,1650,0.9791948291172514,0.8429849017113559
367,Portugal,1660,0.9846084421085803,0.8494783412885544
368,Portugal,1670,0.9979215954025017,0.9381833109130651
369,Portugal,1680,0.9992490485067228,0.9774960985683481
370,Portugal,1690,1.0186761473283135,0.493161977184981
371,Portugal,1700,0.9983931656274337,0.8420738986576655
372,Portugal,1710,0.986898517675763,0.8657227240005779
373,Portugal,1720,1.009675778881886,0.9115003687720736
374,Portugal,1730,1.0232598094495864,0.8895832555336728
375,Portugal,1740,1.0264174523098137,1.0531982062873677
376,Portugal,1750,1.0335843449793976,1.0037032001741828
377,Portugal,1760,1.0294844218016626,0.9089566893252915
378,Portugal,1770,1.0211899543271423,0.9719333295192787
379,Portugal,1780,1.024731797986805,1.0740800561929107
380,Portugal,1790,1.0153071555760511,1.0546367641972858
381,Portugal,1800,0.9896482063106307,1.055035483157471
382,Portugal,1810,0.966009991726409,0.9709134555706433
383,Portugal,1820,0.9890083681552286,1.0149237657720453
384,Portugal,1830,0.9910020134305186,0.9315470594185105
385,Portugal,1840,0.9907810782940876,1.1315039573217827
386,Portugal,1850,0.9855454328654673,1.039983966562677
387,Portugal,1860,0.9805952700624737,1.160311728781687
388,Portugal,1870,0.9888288658981998,1.108746560845842
389,Portugal,1880,0.9925502872009264,1.235517487503341
390,Spain,1280,0.9775169842318855,0.74437415062841
391,Spain,1290,0.9871471737052269,0.3209363375714394
392,Spain,1300,0.9780689325399967,0.7248825408900618
393,Spain,1310,0.9825767466252919,0.6639936374448395
394,Spain,1320,0.9747315298066885,0.5555975405334272
395,Spain,1340,0.9937525353911908,0.8644313958827221
396,Spain,1350,0.9826929877409626,0.5643767642503713
397,Spain,1360,0.9775710977189175,0.6075439582643003
398,Spain,1370,0.9630815818521116,0.7374651151117146
399,Spain,1380,0.9589968300911218,0.8477754177693115
400,Spain,1390,0.964216112105679,0.7385367537676297
401,Spain,1400,0.9660268503904575,0.7662444554563362
402,Spain,1410,0.9550990263867903,0.6328463187303451
403,Spain,1420,0.9561358650843436,0.7464965874576195
404,Spain,1430,0.9588203583378453,0.7736964831718538
405,Spain,1440,0.9538983080933742,1.029973101297036
406,Spain,1450,0.9757761748160036,0.7222653783236329
407,Spain,1460,0.9636488303176138,0.7735444657724161
408,Spain,1470,0.9405475617229302,0.7034439691428978
409,Spain,1480,0.9588686429499462,1.0118889832965448
410,Spain,1490,0.9565904177499024,0.8260834001597497
411,Spain,1500,0.9605416571747187,1.1081023920237005
412,Spain,1510,0.9774416550729936,0.9520780555222969
413,Spain,1520,0.9768828033950548,1.085065162298932
414,Spain,1530,0.9699560407758148,0.8855687053969712
415,Spain,1540,0.9781625578977959,1.2768284773598446
416,Spain,1550,0.9853419909866048,1.1000413943141807
417,Spain,1560,0.9867752675285613,1.218316112733763
418,Spain,1570,0.9892533078503959,1.0326532334828789
419,Spain,1580,0.9782934998579392,1.2627436532682537
420,Spain,1590,0.9744638639574109,1.1373339274634475
421,Spain,1600,0.9624541466005929,1.2461004755960419
422,Spain,1610,0.9514007286922767,1.1424750036476023
423,Spain,1620,0.9463174023700256,1.2537909416364386
424,Spain,1630,0.9422844871000395,1.1510423115842794
425,Spain,1640,0.9398106384358884,1.2818765106474486
426,Spain,1650,0.9392697960589742,1.1785504960839346
427,Spain,1660,0.9451131571121675,1.1703855936046508
428,Spain,1670,0.9456760545488152,1.162001782169712
429,Spain,1680,0.9452760089547515,1.2663167638522272
430,Spain,1690,0.9532439351451238,1.2337921218474466
431,Spain,1700,0.951580961810327,1.2325086101844922
432,Spain,1710,0.9417966369749471,1.1860272865741301
433,Spain,1720,0.9518397089360827,1.2167889707953239
434,Spain,1730,0.95817993422083,1.1467820858953228
435,Spain,1740,0.9630649792952282,1.3288110710303804
436,Spain,1750,0.9669023637790582,1.2600043662654181
437,Spain,1760,0.9735805751812417,1.3033053588638621
438,Spain,1770,0.9690815321470098,1.247341889745953
439,Spain,1780,0.9727352419308345,1.3181929284158864
440,Spain,1790,0.9779502867849535,1.2664983263574938
441,Spain,1800,0.9722592677517744,1.3169324478178572
442,Spain,1810,0.9784322236178342,1.2946708654562002
443,Spain,1820,0.9910169276605889,1.3155930388661443
444,Spain,1830,0.9963645018994854,1.2122724654753982
445,Spain,1840,0.9947869115284012,1.4351777304550186
446,Spain,1850,1.0038214161959853,1.430764357313288
447,Spain,1860,1.0170552646941873,1.49021899867793
448,Spain,1870,1.0258564114701247,1.4689173555636663
449,Spain,1880,1.054809499159246,1.5538231563146871
450,United Kingdom,1000,0.9512405008090316,0.22535684588161956
451,United Kingdom,1250,0.9699002084191052,0.26311647635876123
452,United Kingdom,1260,0.962454761877547,0.5968079802664811
453,United Kingdom,1270,0.959723160728403,0.2700697792402666
454,United Kingdom,1280,0.9480041866803012,0.6440011052659892
455,United Kingdom,1290,0.9391738424998067,0.38881852029016667
456,United Kingdom,1300,0.9543176948622963,0.457764643048428
457,United Kingdom,1310,0.9584570885233764,0.28486105539795165
458,United Kingdom,1320,0.9544426661989798,0.5430403797769562
459,United Kingdom,1330,0.9540639249571982,0.4692698109802699
460,United Kingdom,1340,0.9581896188800185,0.8372606097877106
461,United Kingdom,1350,0.9737036868903656,0.4118872945962662
462,United Kingdom,1360,0.9910110436789124,0.635060069825715
463,United Kingdom,1370,0.9826857586336963,0.6784181581903164
464,United Kingdom,1380,0.9866627582903289,0.7426338225367226
465,United Kingdom,1390,1.0046304408906017,0.4927864764130803
466,United Kingdom,1400,1.0080592380111626,0.7059334387939518
467,United Kingdom,1420,1.0082829456941016,0.7931613176026325
468,United Kingdom,1430,1.0023035867671983,0.4427451159014744
469,United Kingdom,1440,0.9946761542635046,0.9396754494147359
470,United Kingdom,1450,1.0026600780784807,0.69304519538868
471,United Kingdom,1460,0.9988000205065015,0.8737841034403064
472,United Kingdom,1470,0.9953825236123449,0.6356501756082045
473,United Kingdom,1480,0.9955617379532598,0.8906538862539063
474,United Kingdom,1490,0.9980242957422737,0.7067009153411586
475,United Kingdom,1500,1.0041119263621079,0.9684265907732709
476,United Kingdom,1510,1.00954827892678,0.8150997701007158
477,United Kingdom,1520,1.012498274163129,1.0815355157431208
478,United Kingdom,1530,1.0076403436599246,0.7927989807655965
479,United Kingdom,1540,1.003476451993424,1.102564215369764
480,United Kingdom,1550,1.0026511772626692,0.9790315030737243
481,United Kingdom,1560,1.0045075836953201,1.0658454582704842
482,United Kingdom,1570,1.0143421794704592,1.0332087671606744
483,United Kingdom,1580,1.0032156203070877,1.1617194673126865
484,United Kingdom,1590,0.9927167516271319,1.1129922426751657
485,United Kingdom,1600,1.0001124806824933,1.2752068901860052
486,United Kingdom,1610,1.0046830597565732,1.194268795318763
487,United Kingdom,1620,1.004191150678851,1.1883321577957995
488,United Kingdom,1630,0.9952885543704921,1.1099572570280953
489,United Kingdom,1640,0.9959602758216287,1.2456253872924565
490,United Kingdom,1650,0.9975351976758409,1.1532347402409602
491,United Kingdom,1660,1.0076668550597652,1.2301655269781222
492,United Kingdom,1670,1.0230195552879442,1.113127833011155
493,United Kingdom,1680,1.0311063761107686,1.2382080130576991
494,United Kingdom,1690,1.0458249357240277,1.1303152690993121
495,United Kingdom,1700,1.054937346279801,1.2229496854356354
496,United Kingdom,1710,1.0447866875439573,1.1973645543412097
497,United Kingdom,1720,1.058016383699945,1.2911496920624912
498,United Kingdom,1730,1.0588652198751782,1.2383813689115135
499,United Kingdom,1740,1.0615596592964,1.3116115678609588
500,United Kingdom,1750,1.0659920644808814,1.267814665643381
501,United Kingdom,1760,1.073429227080938,1.3386535618889075
502,United Kingdom,1770,1.0770960785179085,1.3372909804690893
503,United Kingdom,1780,1.0803973832560827,1.3995190149051568
504,United Kingdom,1790,1.0798066101447874,1.359580977616575
505,United Kingdom,1800,1.091639970020397,1.4316657342073635
506,United Kingdom,1810,1.0943601885085137,1.404020806899934
507,United Kingdom,1820,1.0944909601902697,1.4545606890789502
508,United Kingdom,1830,1.1019222346314308,1.4350079336968775
509,United Kingdom,1840,1.1187417256234216,1.5146085262647682
510,United Kingdom,1850,1.1350125252876098,1.515204151427828
511,United Kingdom,1860,1.150244256157478,1.5516125800101341
512,United Kingdom,1870,1.1670388595916845,1.507471346331311
513,United Kingdom,1880,1.1751011804709246,1.5823090055908606
